<?xml version='1.0' encoding='UTF-8'?>

<bag xmlns:boolean="http://www.w3.org/2001/XMLSchema#boolean" xmlns:float="http://www.w3.org/2001/XMLSchema#float" xmlns:int="http://www.w3.org/2001/XMLSchema#int" xmlns:unsignedInt="http://www.w3.org/2001/XMLSchema#unsignedInt" xmlns:unsignedLong="http://www.w3.org/2001/XMLSchema#unsignedLong" int:version="16">
 <issues>
  <issue>
   <unsignedInt:flags>65</unsignedInt:flags>
   <id>issue_loop_misalignment</id>
   <int:severity>1</int:severity>
   <text>Align this loop using compiler options or pragmas</text>
   <title>Misaligned loop code present</title>
   <attributes>
    <float:severity>1</float:severity>
   </attributes>
   <parameters/>
   <recommendations>
    <recommendation>
     <int:confidence>1</int:confidence>
     <unsignedInt:flags>8</unsignedInt:flags>
     <id>rec_align_loop_c</id>
     <text>align_loop_text</text>
     <title>Force the compiler to align loop code </title>
     <attributes>
      <float:confidence>1</float:confidence>
     </attributes>
     <parameters/>
    </recommendation>
   </recommendations>
   <unsignedLong:rowKey>31</unsignedLong:rowKey>
  </issue>
  <issue>
   <unsignedInt:flags>321</unsignedInt:flags>
   <id>issue_roofline_guidance</id>
   <int:severity>2</int:severity>
   <text/>
   <title>issue_roofline_guidance_title</title>
   <attributes>
    <float:severity>2</float:severity>
   </attributes>
   <parameters boolean:is_vectorized="false" zone="mix" ops_type="int"/>
   <recommendations>
    <recommendation>
     <int:confidence>2</int:confidence>
     <unsignedInt:flags>8</unsignedInt:flags>
     <id>rec_roofline_guidance_mostly_compute_bound</id>
     <text>roofline_guidance_mostly_compute_bound_text</text>
     <title>This loop is mostly compute bound but may also be memory bound </title>
     <attributes>
      <float:confidence>2</float:confidence>
     </attributes>
     <parameters>
      <boolean:is_vectorized>false</boolean:is_vectorized>
      <boolean:is_fma_dominated>false</boolean:is_fma_dominated>
      <boolean:scalar_mem_instructions>false</boolean:scalar_mem_instructions>
      <boolean:inefficient_map>false</boolean:inefficient_map>
      <boolean:low_vector_efficiency>false</boolean:low_vector_efficiency>
      <int:limiting_roof>0</int:limiting_roof>
     </parameters>
    </recommendation>
   </recommendations>
   <unsignedLong:rowKey>33</unsignedLong:rowKey>
  </issue>
 </issues>
 <traits>
  <trait>
   <int:fieldId>0</int:fieldId>
   <int:id>13</int:id>
   <text>System Function Calls Present </text>
   <unsignedLong:rowKey>8</unsignedLong:rowKey>
  </trait>
  <trait>
   <int:fieldId>0</int:fieldId>
   <int:id>13</int:id>
   <text>System Function Calls Present </text>
   <unsignedLong:rowKey>15</unsignedLong:rowKey>
  </trait>
  <trait>
   <int:fieldId>0</int:fieldId>
   <int:id>13</int:id>
   <text>System Function Calls Present </text>
   <unsignedLong:rowKey>20</unsignedLong:rowKey>
  </trait>
  <trait>
   <int:fieldId>0</int:fieldId>
   <int:id>14</int:id>
   <text>Indirect Function Calls Present </text>
   <unsignedLong:rowKey>20</unsignedLong:rowKey>
  </trait>
  <trait>
   <int:fieldId>0</int:fieldId>
   <int:id>14</int:id>
   <text>Indirect Function Calls Present </text>
   <unsignedLong:rowKey>27</unsignedLong:rowKey>
  </trait>
  <trait>
   <int:fieldId>155</int:fieldId>
   <int:id>4</int:id>
   <text>Low Trip Counts May Produce Ineffective Peeled/Remainder Loops After Vectorization - Consider Adding Data Padding or Identifying Expected Number of Iterations </text>
   <unsignedLong:rowKey>33</unsignedLong:rowKey>
  </trait>
  <trait>
   <int:fieldId>148</int:fieldId>
   <int:id>5</int:id>
   <text>Low Trip Counts May Produce Ineffective Peeled/Remainder Loops After Vectorization - Consider Adding Data Padding or Identifying Expected Number of Iterations </text>
   <unsignedLong:rowKey>33</unsignedLong:rowKey>
  </trait>
  <trait>
   <int:fieldId>153</int:fieldId>
   <int:id>6</int:id>
   <text>Low Iteration Duration Makes This Loop a Better Candidate for Vectorization Parallelism Than Threading Parallelism </text>
   <unsignedLong:rowKey>33</unsignedLong:rowKey>
  </trait>
  <trait>
   <int:fieldId>155</int:fieldId>
   <int:id>7</int:id>
   <text>Average Iteration Duration Issue (Expand Trip Counts Column To Check Exact Duration Value) 
Low Iteration Duration Makes This Loop a Better Candidate for Vectorization Parallelism Than Threading Parallelism </text>
   <unsignedLong:rowKey>33</unsignedLong:rowKey>
  </trait>
 </traits>
</bag>
